Authors;Title;Year;Source title;Volume
Pazaitis A., De Filippi P., Kostakis V.;Blockchain and value systems in the sharing economy: The illustrative case of Backfeed;2017;Technological Forecasting and Social Change;125
Hayes A.S.;Cryptocurrency value formation: An empirical study leading to a cost of production model for valuing bitcoin;2017;Telematics and Informatics;34
Nerantzaki M., Adam K.-V., Koliakou I., Skoufa E., Avgeropoulos A., Papageorgiou G.Z., Bikiaris D.;Novel Castor Oil-Derived Block Copolymers as Promising Candidates for Biological Applications: Biorelevant and Biocompatible;2017;Macromolecular Chemistry and Physics;218
Kow Y.M., Lustig C.;Imaginaries and Crystallization Processes in Bitcoin Infrastructuring;2017;Computer Supported Cooperative Work: CSCW: An International Journal;NA
Xu Q., Jin C., Rasid M.F.B.M., Veeravalli B., Aung K.M.M.;Blockchain-based decentralized content trust for docker images;2017;Multimedia Tools and Applications;NA
Fairley P.;Blockchain world - Feeding the blockchain beast if bitcoin ever does go mainstream, the electricity needed to sustain it will be enormous;2017;IEEE Spectrum;54
Huang B., Liu Z., Chen J., Liu A., Liu Q., He Q.;Behavior pattern clustering in blockchain networks;2017;Multimedia Tools and Applications;76
Peck M.E.;Blockchain world - Do you need a blockchain? This chart will tell you if the technology can solve your problem;2017;IEEE Spectrum;54
Nomura Y.;Decentralized collaboration;2017;NTT Technical Review;15
Nordrum A.;Govern by blockchain dubai wants one platform to rule them all, while Illinois will try anything;2017;IEEE Spectrum;54
Sharma P.K., Chen M., Park J.H.;A Software Defined Fog Node based Distributed Blockchain Cloud Architecture for IoT;2017;IEEE Access;NA
Castellanos J.A.F., Coll-Mayor D., Notholt J.A.;Cryptocurrency as guarantees of origin: Simulating a green certificate market with the Ethereum Blockchain;2017;2017 5th IEEE International Conference on Smart Energy Grid Engineering, SEGE 2017;NA
Lee K.S., Lee J., Kwak J., Moon H.C., Kim J.K.;Reduction of Line Edge Roughness of Polystyrene-block-Poly(methyl methacrylate) Copolymer Nanopatterns by Introducing Hydrogen Bonding at the Junction Point of Two Block Chains;2017;ACS Applied Materials and Interfaces;9
Li C., Zhang L.-J.;A blockchain based new secure multi-layer network model for internet of things;2017;Proceedings - 2017 IEEE 2nd International Congress on Internet of Things, ICIOT 2017;NA
Sidhu J.;Syscoin: A peer-to-peer electronic cash system with blockchain-based services for E-business;2017;2017 26th International Conference on Computer Communications and Networks, ICCCN 2017;NA
Hofman D.L.;Legally speaking: Smart contracts, archival bonds, and linked data in the blockchain;2017;2017 26th International Conference on Computer Communications and Networks, ICCCN 2017;NA
Pongnumkul S., Siripanpornchana C., Thajchayapong S.;Performance analysis of private blockchain platforms in varying workloads;2017;2017 26th International Conference on Computer Communications and Networks, ICCCN 2017;NA
Hou H.;The application of blockchain technology in E-government in China;2017;2017 26th International Conference on Computer Communications and Networks, ICCCN 2017;NA
Sato M., Matsuo S.;Long-term public blockchain: Resilience against compromise of underlying cryptography;2017;2017 26th International Conference on Computer Communications and Networks, ICCCN 2017;NA
Kim H., Laskowski M.;A perspective on blockchain smart contracts: Reducing uncertainty and complexity in value exchange;2017;2017 26th International Conference on Computer Communications and Networks, ICCCN 2017;NA
Do H.G., Ng W.K.;Blockchain-Based System for Secure Data Storage with Private Keyword Search;2017;Proceedings - 2017 IEEE 13th World Congress on Services, SERVICES 2017;NA
Jaffe C., Mata C., Kamvar S.;Motivating urban cycling through a blockchain-based financial incentives system;2017;UbiComp/ISWC 2017 - Adjunct Proceedings of the 2017 ACM International Joint Conference on Pervasive and Ubiquitous Computing and Proceedings of the 2017 ACM International Symposium on Wearable Computers;NA
Bogner A.;Seeing is understanding - Anomaly detection in blockchains with visualized features;2017;UbiComp/ISWC 2017 - Adjunct Proceedings of the 2017 ACM International Joint Conference on Pervasive and Ubiquitous Computing and Proceedings of the 2017 ACM International Symposium on Wearable Computers;NA
Chanson M., Fleisch E., Bogner A., Wortmann F.;Blockchain as a privacy enabler: An odometer fraud prevention system;2017;UbiComp/ISWC 2017 - Adjunct Proceedings of the 2017 ACM International Joint Conference on Pervasive and Ubiquitous Computing and Proceedings of the 2017 ACM International Symposium on Wearable Computers;NA
Gupta H., Mehta S., Hans S., Chatterjee B., Lohia P., Rajmohan C.;Provenance in Context of Hadoop as a Service (HaaS)-State of the Art and Research Directions;2017;IEEE International Conference on Cloud Computing, CLOUD;2017-June
Margheri A., Ferdous M.S., Yang M., Sassone V.;A Distributed Infrastructure for Democratic Cloud Federations;2017;IEEE International Conference on Cloud Computing, CLOUD;2017-June
Alansari S., Paci F., Margheri A., Sassone V.;Privacy-Preserving Access Control in Cloud Federations;2017;IEEE International Conference on Cloud Computing, CLOUD;2017-June
Chen Z., Zhu Y.;Personal Archive Service System using Blockchain Technology: Case Study, Promising and Challenging;2017;Proceedings - 2017 IEEE 6th International Conference on AI and Mobile Services, AIMS 2017;NA
Alexopoulos N., Daubert J., Muhlhauser M., Habib S.M.;Beyond the hype: On using blockchains in trust management for authentication;2017;Proceedings - 16th IEEE International Conference on Trust, Security and Privacy in Computing and Communications, 11th IEEE International Conference on Big Data Science and Engineering and 14th IEEE International Conference on Embedded Software and Systems, Trustcom/BigDataSE/ICESS 2017;NA
Liu B., Yu X.L., Chen S., Xu X., Zhu L.;Blockchain Based Data Integrity Service Framework for IoT Data;2017;Proceedings - 2017 IEEE 24th International Conference on Web Services, ICWS 2017;NA
Samaniego M., Deters R.;Internet of Smart Things - IoST: Using Blockchain and CLIPS to Make Things Autonomous;2017;Proceedings - 2017 IEEE 1st International Conference on Cognitive Computing, ICCC 2017;NA
Chen J., Xue Y.;Bootstrapping a Blockchain Based Ecosystem for Big Data Exchange;2017;Proceedings - 2017 IEEE 6th International Congress on Big Data, BigData Congress 2017;NA
Zheng Z., Xie S., Dai H., Chen X., Wang H.;An Overview of Blockchain Technology: Architecture, Consensus, and Future Trends;2017;Proceedings - 2017 IEEE 6th International Congress on Big Data, BigData Congress 2017;NA
Gattermayer J., Tvrdik P.;Blockchain-Based Multi-Level Scoring System for P2P Clusters;2017;Proceedings of the International Conference on Parallel Processing Workshops;NA
Knirsch F., Unterweger A., Engel D.;Privacy-preserving blockchain-based electric vehicle charging with dynamic tariff decisions;2017;Computer Science - Research and Development;NA
Goldstein A., Annor G., Blennow A., Bertoft E.;Effect of diurnal photosynthetic activity on the fine structure of amylopectin from normal and waxy barley starch;2017;International Journal of Biological Macromolecules;102
Li J., Liang G., Liu T.;A novel multi-link integrated factor algorithm considering node trust degree for blockchain-based communication;2017;KSII Transactions on Internet and Information Systems;11
Natoli C., Gramoli V.;The Balance Attack or Why Forkable Blockchains are Ill-Suited for Consortium;2017;Proceedings - 47th Annual IEEE/IFIP International Conference on Dependable Systems and Networks, DSN 2017;NA
Bistarelli S., Santini F.;Go with the -bitcoin- flow, with visual analytics;2017;ACM International Conference Proceeding Series;Part F130521
Buccafurri F., Lax G., Nicolazzo S., Nocera A.;Overcoming limits of blockchain for IoT applications;2017;ACM International Conference Proceeding Series;Part F130521
Neisse R., Steri G., Nai-Fovino I.;A blockchain-based approach for data accountability & provenance tracking;2017;ACM International Conference Proceeding Series;Part F130521
Arnold P.L., Cowie B.E., Suvova M., Zegke M., Magnani N., Colineau E., Griveau J.-C., Caciuffo R., Love J.B.;Axially Symmetric U−O−Ln- and U−O−U-Containing Molecules from the Control of Uranyl Reduction with Simple f-Block Halides;2017;Angewandte Chemie - International Edition;56
O'Leary K., O'Reilly P., Feller J., Gleasure R., Li S., Cristoforo J.;Exploring the application of blockchain technology to combat the effects of social loafing in cross functional group projects;2017;Proceedings of the 13th International Symposium on Open Collaboration, OpenSym 2017;NA
O'Reilly P., Li S., Cristiforo J., Sheehan D., Gleasure R., Feller J.;Does miner pooling impact bitcoin's ability to stay decentralized?;2017;Proceedings of the 13th International Symposium on Open Collaboration, OpenSym 2017;NA
Mengelkamp E., Notheisen B., Beer C., Dauer D., Weinhardt C.;A blockchain-based smart grid: towards sustainable local energy markets;2017;Computer Science - Research and Development;NA
Sankar L.S., Sindhu M., Sethumadhavan M.;Survey of consensus protocols on blockchain applications;2017;2017 4th International Conference on Advanced Computing and Communication Systems, ICACCS 2017;NA
Karafiloski E., Mishev A.;Blockchain solutions for big data challenges: A literature review;2017;17th IEEE International Conference on Smart Technologies, EUROCON 2017 - Conference Proceedings;NA
Lei A., Cruickshank H., Cao Y., Asuquo P., Ogah C.P.A., Sun Z.;Blockchain-Based Dynamic Key Management for Heterogeneous Intelligent Transportation Systems;2017;IEEE Internet of Things Journal;NA
Nakasumi M.;Information sharing for supply chain management based on block chain technology;2017;Proceedings - 2017 IEEE 19th Conference on Business Informatics, CBI 2017;1
Portnoff R.S., Huang D.Y., Doerfler P., Afroz S., McCoy D.;Backpage and bitcoin: Uncovering human traffickers;2017;Proceedings of the ACM SIGKDD International Conference on Knowledge Discovery and Data Mining;Part F129685
Bdiwi R., De Runz C., Faiz S., Cherif A.A.;Towards a New Ubiquitous Learning Environment Based on Blockchain Technology;2017;Proceedings - IEEE 17th International Conference on Advanced Learning Technologies, ICALT 2017;NA
Sullivan C., Burger E.;E-residency and blockchain;2017;Computer Law and Security Review;33
Liu J.;Research on multi-level decision game strategy of electricity sales market considering ETS and block chain;2017;AIP Conference Proceedings;1864
Ahram T., Sargolzaei A., Sargolzaei S., Daniels J., Amaba B.;Blockchain technology innovations;2017;2017 IEEE Technology and Engineering Management Society Conference, TEMSCON 2017;NA
Wan X., Hu Q., Lu Z., Yu M.;Application of asset securitization and block chain of Internet financial firms: Take Jingdong as an example;2017;14th International Conference on Services Systems and Services Management, ICSSSM 2017 - Proceedings;NA
Tian F.;A supply chain traceability system for food safety based on HACCP, blockchain & Internet of things;2017;14th International Conference on Services Systems and Services Management, ICSSSM 2017 - Proceedings;NA
Morales J.E., James G., Tonnelier A.;Traveling waves in a spring-block chain sliding down a slope;2017;Physical Review E;96
Abdullah N., Håkansson A., Moradian E.;Blockchain based approach to enhance big data authentication in distributed environment;2017;International Conference on Ubiquitous and Future Networks, ICUFN;NA
Jin T., Zhang X., Liu Y., Lei K.;BlockNDN: A bitcoin blockchain decentralized system over named data networking;2017;International Conference on Ubiquitous and Future Networks, ICUFN;NA
Dickerson T., Gazzillo P., Herlihy M., Koskinen E.;Adding concurrency to smart contracts;2017;Proceedings of the Annual ACM Symposium on Principles of Distributed Computing;Part F129314
Fu X.-T., Chen S., Zhang N.;Proxy-cryptocurrency payment system;2017;Tongxin Xuebao/Journal on Communications;38
Halpern J.Y., Pass R.;A knowledge-based analysis of the blockchain protocol;2017;Electronic Proceedings in Theoretical Computer Science, EPTCS;251
Yeh L.-Y., Lu P.J., Hu J.-W.;NCHC Blockchain Construction Platform (NBCP): Rapidly Constructing Blockchain Nodes around Taiwan;2017;Proceedings of the ACM/IEEE Joint Conference on Digital Libraries;NA
Gipp B., Breitinger C., Meuschke N., Beel J.;CryptSubmit: Introducing Securely Timestamped Manuscript Submission and Peer Review Feedback Using the Blockchain;2017;Proceedings of the ACM/IEEE Joint Conference on Digital Libraries;NA
Liao C.-F., Bao S.-W., Cheng C.-J., Chen K.;On design issues and architectural styles for blockchain-driven IoT services;2017;2017 IEEE International Conference on Consumer Electronics - Taiwan, ICCE-TW 2017;NA
[No author name available];Electronic Proceedings in Theoretical Computer Science, EPTCS;2017;Electronic Proceedings in Theoretical Computer Science, EPTCS;251
Xia Q., Sifah E.B., Asamoah K.O., Gao J., Du X., Guizani M.;MeDShare: Trust-Less Medical Data Sharing among Cloud Service Providers via Blockchain;2017;IEEE Access;5
Zhu Y., Chen Z.;RealID: Building A Secure Anonymous Yet Transparent Immutable ID Service;2017;Proceedings - 3rd IEEE International Conference on Big Data Security on Cloud, BigDataSecurity 2017, 3rd IEEE International Conference on High Performance and Smart Computing, HPSC 2017 and 2nd IEEE International Conference on Intelligent Data and Security, IDS 2017;NA
Alansari S., Paci F., Sassone V.;A Distributed Access Control System for Cloud Federations;2017;Proceedings - International Conference on Distributed Computing Systems;NA
Shae Z., Tsai J.J.P.;On the Design of a Blockchain Platform for Clinical Trial and Precision Medicine;2017;Proceedings - International Conference on Distributed Computing Systems;NA
Ferdous M.S., Margheri A., Paci F., Yang M., Sassone V.;Decentralised Runtime Monitoring for Access Control Systems in Cloud Federations;2017;Proceedings - International Conference on Distributed Computing Systems;NA
Ye F., Zheng Z., Chen C., Zhou Y.;DC-RSF: A Dynamic and Customized Reputation System Framework for Joint Cloud Computing;2017;Proceedings - IEEE 37th International Conference on Distributed Computing Systems Workshops, ICDCSW 2017;NA
Xiang F., Huaimin W., Peichang S., Yingwei F., Yijie W.;JCLedger: A Blockchain Based Distributed Ledger for JointCloud Computing;2017;Proceedings - IEEE 37th International Conference on Distributed Computing Systems Workshops, ICDCSW 2017;NA
Patel D., Bothra J., Patel V.;Blockchain exhumed;2017;ISEA Asia Security and Privacy Conference 2017, ISEASP 2017;NA
Imbault F., Swiatek M., De Beaufort R., Plana R.;The green blockchain: Managing decentralized energy production and consumption;2017;Conference Proceedings - 2017 17th IEEE International Conference on Environment and Electrical Engineering and 2017 1st IEEE Industrial and Commercial Power Systems Europe, EEEIC / I and CPS Europe 2017;NA
Liang X., Shetty S., Tosh D., Kamhoua C., Kwiat K., Njilla L.;ProvChain: A Blockchain-Based Data Provenance Architecture in Cloud Environment with Enhanced Privacy and Availability;2017;Proceedings - 2017 17th IEEE/ACM International Symposium on Cluster, Cloud and Grid Computing, CCGRID 2017;NA
Lavrijssen S., Parra A.C.;Radical prosumer innovations in the electricity sector and the impact on prosumer regulation;2017;Sustainability (Switzerland);9
Tosh D.K., Shetty S., Liang X., Kamhoua C.A., Kwiat K.A., Njilla L.;Security Implications of Blockchain Cloud with Analysis of Block Withholding Attack;2017;Proceedings - 2017 17th IEEE/ACM International Symposium on Cluster, Cloud and Grid Computing, CCGRID 2017;NA
Subbiah S., Mala S., Nayagam S.;Job starvation avoidance with alleviation of data skewness in Big Data infrastructure;2017;Proceedings of the 2017 2nd International Conference on Computing and Communications Technologies, ICCCT 2017;NA
Lin J., Shen Z., Miao C.;Using blockchain technology to build trust in sharing LoRaWAN IoT;2017;ACM International Conference Proceeding Series;Part F130655
Pokrovskaia N.N.;Tax, financial and social regulatory mechanisms within the knowledge-driven economy. Blockchain algorithms and fog computing for the efficient regulation;2017;Proceedings of 2017 20th IEEE International Conference on Soft Computing and Measurements, SCM 2017;NA
Gu X., Chai Y., Liu Y., Shen J., Huang Y., Nan Y.;A MCIN-based architecture of smart agriculture;2017;ACM International Conference Proceeding Series;Part F130655
Li B., Lu C., Cao W., Qi B., Li D., Chen S., Cui G.;A Preliminary Study of Block Chain based Automated Demand Response System;2017;Zhongguo Dianji Gongcheng Xuebao/Proceedings of the Chinese Society of Electrical Engineering;37
Zeng M., Cheng J., Wang Y., Li Y., Yang Y., Dou J.;Primarily Research for Multi Module Cooperative Autonomous Mode of Energy Internet Under Blockchain Framework;2017;Zhongguo Dianji Gongcheng Xuebao/Proceedings of the Chinese Society of Electrical Engineering;37
She W., Hu Y., Yang X., Gao S., Liu W.;Virtual Power Plant Operation and Scheduling Model Based on Energy Blockchain Network;2017;Zhongguo Dianji Gongcheng Xuebao/Proceedings of the Chinese Society of Electrical Engineering;37
Ouyang X., Zhu X., Ye L., Yao J.;Preliminary Applications of Blockchain Technique in Large Consumers Direct Power Trading;2017;Zhongguo Dianji Gongcheng Xuebao/Proceedings of the Chinese Society of Electrical Engineering;37
Stanciu A.;Blockchain Based Distributed Control System for Edge Computing;2017;Proceedings - 2017 21st International Conference on Control Systems and Computer, CSCS 2017;NA
Wu G., Zeng B., Li R., Zeng M.;Research on the Application of Blockchain in the Integrated Demand Response Resource Transaction;2017;Zhongguo Dianji Gongcheng Xuebao/Proceedings of the Chinese Society of Electrical Engineering;37
Ping J., Chen S., Zhang N., Yan Z., Yao L.;Decentralized Transactive Mechanism in Distribution Network Based on Smart Contract;2017;Zhongguo Dianji Gongcheng Xuebao/Proceedings of the Chinese Society of Electrical Engineering;37
Yang D., Zhao X., Xu Z., Li Y., Li Q.;Developing Status and Prospect Analysis of Blockchain in Energy Internet;2017;Zhongguo Dianji Gongcheng Xuebao/Proceedings of the Chinese Society of Electrical Engineering;37
Yang X., Zhang Y., Lu J., Zhao B., Huang F., Qi J., Pan H.;Blockchain-based Automated Demand Response Method for Energy Storage System in an Energy Local Network;2017;Zhongguo Dianji Gongcheng Xuebao/Proceedings of the Chinese Society of Electrical Engineering;37
Shukla S.K.;Editorial: Cyber security, IoT, block chains-risks and opportunities;2017;ACM Transactions on Embedded Computing Systems;16
Zhang Y., Wen J.;The IoT electric business model: Using blockchain technology for the internet of things;2017;Peer-to-Peer Networking and Applications;10
Anjum A., Sporny M., Sill A.;Blockchain Standards for Compliance and Trust;2017;IEEE Cloud Computing;4
Alabi K.;Digital blockchain networks appear to be following Metcalfe's Law;2017;Electronic Commerce Research and Applications;24
Roehrs A., da Costa C.A., da Rosa Righi R.;OmniPHR: A distributed architecture model to integrate personal health records;2017;Journal of Biomedical Informatics;71
Kiyomoto S., Rahman M.S., Basu A.;On blockchain-based anonymized dataset distribution platform;2017;Proceedings - 2017 15th IEEE/ACIS International Conference on Software Engineering Research, Management and Applications, SERA 2017;NA
Coblenz M.;Obsidian: A safer blockchain programming language;2017;Proceedings - 2017 IEEE/ACM 39th International Conference on Software Engineering Companion, ICSE-C 2017;NA
English S.M., Nezhadian E.;Conditions of full disclosure: The blockchain remuneration model;2017;Proceedings - 2nd IEEE European Symposium on Security and Privacy Workshops, EuroS and PW 2017;NA
Borge M., Kokoris-Kogias E., Jovanovic P., Gasser L., Gailly N., Ford B.;Proof-of-personhood: Redemocratizing permissionless cryptocurrencies;2017;Proceedings - 2nd IEEE European Symposium on Security and Privacy Workshops, EuroS and PW 2017;NA
Porru S., Pinna A., Marchesi M., Tonelli R.;Blockchain-oriented software engineering: Challenges and new directions;2017;Proceedings - 2017 IEEE/ACM 39th International Conference on Software Engineering Companion, ICSE-C 2017;NA
Conoscenti M., Vetro A., De Martin J.C.;Peer to peer for privacy and decentralization in the internet of things;2017;Proceedings - 2017 IEEE/ACM 39th International Conference on Software Engineering Companion, ICSE-C 2017;NA
Halpin H., Piekarska M.;Introduction to security and privacy on the blockchain;2017;Proceedings - 2nd IEEE European Symposium on Security and Privacy Workshops, EuroS and PW 2017;NA
Sato M., Matsuo S.;Long-term public blockchain: Resilience against compromise of underlying cryptography;2017;Proceedings - 2nd IEEE European Symposium on Security and Privacy Workshops, EuroS and PW 2017;NA
Naganuma K., Yoshino M., Sato H., Suzuki T.;Auditable zerocoin;2017;Proceedings - 2nd IEEE European Symposium on Security and Privacy Workshops, EuroS and PW 2017;NA
Kopp H., Mödinger D., Hauck F., Kargl F., Bösch C.;Design of a privacy-preserving decentralized file storage with financial incentives;2017;Proceedings - 2nd IEEE European Symposium on Security and Privacy Workshops, EuroS and PW 2017;NA
Boudguiga A., Bouzerna N., Granboulan L., Olivereau A., Quesnel F., Roger A., Sirdey R.;Towards better availability and accountability for IoT updates by means of a blockchain;2017;Proceedings - 2nd IEEE European Symposium on Security and Privacy Workshops, EuroS and PW 2017;NA
Wan Z., Lo D., Xia X., Cai L.;Bug Characteristics in Blockchain Systems: A Large-Scale Empirical Study;2017;IEEE International Working Conference on Mining Software Repositories;NA
Toyoda K., Mathiopoulos P.T., Sasase I., Ohtsuki T.;A Novel Blockchain-Based Product Ownership Management System (POMS) for Anti-Counterfeits in The Post Supply Chain;2017;IEEE Access;NA
Ateniese G., Magri B., Venturi D., Andrade E.R.;Redactable Blockchain - Or - Rewriting History in Bitcoin and Friends;2017;Proceedings - 2nd IEEE European Symposium on Security and Privacy, EuroS and P 2017;NA
Cocco L., Pinna A., Marchesi M.;Banking on blockchain: Costs savings thanks to the blockchain technology;2017;Future Internet;9
Matsumoto S., Reischuk R.M.;IKP: Turning a PKI Around with Decentralized Automated Incentives;2017;Proceedings - IEEE Symposium on Security and Privacy;NA
Tomescu A., Devadas S.;Catena: Efficient Non-equivocation via Bitcoin;2017;Proceedings - IEEE Symposium on Security and Privacy;NA
Zhang Z., Li H., Huang X., Chen D.;Solution-Based Thermodynamically Controlled Conversion from Diblock Copolymers to Janus Nanoparticles;2017;ACS Macro Letters;6
Cui G., Shi K., Qin Y., Liu L., Qi B., Li B.;Application of block chain in multi-level demand response reliable mechanism;2017;2017 3rd International Conference on Information Management, ICIM 2017;NA
Nissen B., Symons K., Tallyn E., Speed C., Maxwell D., Vines J.;New value transactions: Understanding and designing for distributed autonomous organisations;2017;DIS 2017 Companion - Proceedings of the 2017 ACM Conference on Designing Interactive Systems;NA
Conoscenti M., Vetro A., De Martin J.C.;Blockchain for the Internet of Things: A systematic literature review;2017;Proceedings of IEEE/ACS International Conference on Computer Systems and Applications, AICCSA;NA
Hull R.;Blockchain: Distributed event-based processing in a data-centric world;2017;DEBS 2017 - Proceedings of the 11th ACM International Conference on Distributed Event-Based Systems;NA
Tsai W.-T., Feng L., Zhang H., You Y., Wang L., Zhong Y.;Intellectual-Property Blockchain-Based Protection Model for Microfilms;2017;Proceedings - 11th IEEE International Symposium on Service-Oriented System Engineering, SOSE 2017;NA
Wang X., Feng L., Zhang H., Lyu C., Wang L., You Y.;Human Resource Information Management Model based on Blockchain Technology;2017;Proceedings - 11th IEEE International Symposium on Service-Oriented System Engineering, SOSE 2017;NA
Moura T., Gomes A.;Blockchain voting & its effects on election transparency & voter confidence;2017;ACM International Conference Proceeding Series;Part F128275
Yan Z., Gan G., Riad K.;BC-PDS: Protecting Privacy and Self-Sovereignty through BlockChains for OpenPDS;2017;Proceedings - 11th IEEE International Symposium on Service-Oriented System Engineering, SOSE 2017;NA
Yu L., Tsai W.-T., Li G., Yao Y., Hu C., Deng E.;Smart-Contract Execution with Concurrent Block Building;2017;Proceedings - 11th IEEE International Symposium on Service-Oriented System Engineering, SOSE 2017;NA
Tsai W.-T., Bai X., Yu L.;Design Issues in Permissioned Blockchains for Trusted Computing;2017;Proceedings - 11th IEEE International Symposium on Service-Oriented System Engineering, SOSE 2017;NA
Nofer M., Gomber P., Hinz O., Schiereck D.;Blockchain;2017;Business and Information Systems Engineering;59
Tsai W.-T., Yu L., Wang R., Liu N., Deng E.-Y.;Blockchain Application Development Techniques;2017;Ruan Jian Xue Bao/Journal of Software;28
Maslin E., Leon A.;The digital revolution: Is now;2017;Offshore Engineer;42
Gutierrez J., Carrasco-Hernandez S., Barud H.S., Oliveira R.L., Carvalho R.A., Amaral A.C., Tercjak A.;Transparent nanostructured cellulose acetate films based on the self assembly of PEO-b-PPO-b-PEO block copolymer;2017;Carbohydrate Polymers;165
Ibba S., Pinna A., Seu M., Pani F.E.;CitySense: Blockchain-oriented Smart Cities;2017;ACM International Conference Proceeding Series;Part F129907
Xu R., Zhang L., Zhao H., Peng Y.;Design of Network Media's Digital Rights Management Scheme Based on Blockchain Technology;2017;Proceedings - 2017 IEEE 13th International Symposium on Autonomous Decentralized Systems, ISADS 2017;NA
Zhao H., Zhang Y., Peng Y., Xu R.;Lightweight Backup and Efficient Recovery Scheme for Health Blockchain Keys;2017;Proceedings - 2017 IEEE 13th International Symposium on Autonomous Decentralized Systems, ISADS 2017;NA
Rimba P., Tran A.B., Weber I., Staples M., Ponomarev A., Xu X.;Comparing Blockchain and Cloud Services for Business Process Execution;2017;Proceedings - 2017 IEEE International Conference on Software Architecture, ICSA 2017;NA
Frey R.M., Hardjono T., Smith C., Erhardt K., Pentland A.S.;Secure sharing of geospatial wildlife data;2017;GeoRich 2017 - 4th International ACM Workshop on Managing and Mining Enriched Geo-Spatial Data, in Conjunction with SIGMOD 2017;NA
Wu L., Meng K., Xu S., Li S.Q., Ding M., Suo Y.;Democratic Centralism: A Hybrid Blockchain Architecture and Its Applications in Energy Internet;2017;Proceedings - 1st IEEE International Conference on Energy Internet, ICEI 2017;NA
Fu D., Liri F.;Blockchain-based trusted computing in social network;2017;2016 2nd IEEE International Conference on Computer and Communications, ICCC 2016 - Proceedings;NA
Butgereit L., Martinus C.;A comparison of two blockchain architectures for inspiring corporate excellence in South Africa;2017;2017 Conference on Information Communication Technology and Society, ICTAS 2017 - Proceedings;NA
Tseng L.;Bitcoin's consistency property;2017;Proceedings of IEEE Pacific Rim International Symposium on Dependable Computing, PRDC;NA
Fukumitsu M., Hasegawa S., Iwazaki J., Sakai M., Takahashi D.;A proposal of a secure P2P-type storage scheme by using the secret sharing and the blockchain;2017;Proceedings - International Conference on Advanced Information Networking and Applications, AINA;NA
Park J., Kim K.;TM-Coin: Trustworthy management of TCB measurements in IoT;2017;2017 IEEE International Conference on Pervasive Computing and Communications Workshops, PerCom Workshops 2017;NA
Xu M.;Construction of bulk commodity electronic trading platform based on block chain technology;2017;Agro Food Industry Hi-Tech;28
Mansfield-Devine S.;Beyond Bitcoin: using blockchain technology to provide assurance in the commercial world;2017;Computer Fraud and Security;2017
Samaniego M., Deters R.;Blockchain as a Service for IoT;2017;"Proceedings - 2016 IEEE International Conference on Internet of Things; IEEE Green Computing and Communications; IEEE Cyber, Physical, and Social Computing; IEEE Smart Data, iThings-GreenCom-CPSCom-Smart Data 2016";NA
Tomita S., Wataoka I., Igarashi N., Shimizu N., Takagi H., Sasaki S., Sakurai S.;Strain-Induced Deformation of Glassy Spherical Microdomains in Elastomeric Triblock Copolymer Films: Time-Resolved 2d-SAXS Measurements under Stretched State;2017;Macromolecules;50
Kwon S., Kim T.-H.;The effect of adjusting the hydrophilic–hydrophobic block length in densely sulfonated poly(fluorenyl ether sulfone) block copolymer membranes;2017;International Journal of Hydrogen Energy;42
Dorri A., Kanhere S.S., Jurdak R.;Towards an optimized blockchain for IoT;2017;Proceedings - 2017 IEEE/ACM 2nd International Conference on Internet-of-Things Design and Implementation, IoTDI 2017 (part of CPS Week);NA
Xia Q., Sifah E.B., Smahi A., Amofa S., Zhang X.;BBDS: Blockchain-based data sharing for electronic medical records in cloud environments;2017;Information (Switzerland);8
Mengelkamp E., Gärttner J., Rock K., Kessler S., Orsini L., Weinhardt C.;Designing microgrid energy markets. A case study: The Brooklyn Microgrid;2017;Applied Energy;NA
Bistarelli S., Mantilacci M., Santancini P., Santini F.;An end-to-end voting-system based on Bitcoin;2017;Proceedings of the ACM Symposium on Applied Computing;Part F128005
Lajoie-Mazenc T., Ludinard R., Anceaume E.;Handling Bitcoin conicts through a glimpse of structure;2017;Proceedings of the ACM Symposium on Applied Computing;Part F128005
Li W., Sforzin A., Fedorov S., Karame G.O.;Towards scalable and private industrial blockchains;2017;BCC 2017 - Proceedings of the ACM Workshop on Blockchain, Cryptocurrencies and Contracts, co-located with ASIA CCS 2017;NA
Vukolić M.;Rethinking permissioned blockchains;2017;BCC 2017 - Proceedings of the ACM Workshop on Blockchain, Cryptocurrencies and Contracts, co-located with ASIA CCS 2017;NA
Nijeholt H.L.À., Oudejans J., Erkin Z.;DecReg: A Framework for Preventing Double-Financing using Blockchain Technology;2017;BCC 2017 - Proceedings of the ACM Workshop on Blockchain, Cryptocurrencies and Contracts, co-located with ASIA CCS 2017;NA
Chen L., Xu L., Shah N., Diallo N., Gao Z., Lu Y., Shi W.;Unraveling blockchain based crypto-currency system supporting oblivious transactions: A formalized approach;2017;BCC 2017 - Proceedings of the ACM Workshop on Blockchain, Cryptocurrencies and Contracts, co-located with ASIA CCS 2017;NA
Xu L., Shah N., Chen L., Diallo N., Gao Z., Lu Y., Shi W.;Enabling the Sharing Economy: Privacy Respecting Contract based on Public Blockchain;2017;BCC 2017 - Proceedings of the ACM Workshop on Blockchain, Cryptocurrencies and Contracts, co-located with ASIA CCS 2017;NA
Wang J., Gao L., Dong A., Guo S., Chen H., Wei X.;Block Chain Based Data Security Sharing Network Architecture Research;2017;Jisuanji Yanjiu yu Fazhan/Computer Research and Development;54
Mann C., Loebenberger D.;Two-factor authentication for the Bitcoin protocol;2017;International Journal of Information Security;16
Cachin C., Schubert S., Vukolić M.;Non-determinism in Byzantine fault-tolerant replication;2017;Leibniz International Proceedings in Informatics, LIPIcs;70
Yao G., Yu X.;Integration development of “Internet +” and logistics industry;2017;Nanjing Youdian Daxue Xuebao (Ziran Kexue Ban)/Journal of Nanjing University of Posts and Telecommunications (Natural Science);37
Wang H., Cen Y., Li X.;Blockchain router: A cross-chain communication protocol;2017;ACM International Conference Proceeding Series;Part F128273
Fezeu H.K., Djotio T., Thami R.O.H.;Safe and irrefutable decentralized communication: Bringing non-repudiation to mesh networks;2017;ACM International Conference Proceeding Series;Part F129474
Huh S., Cho S., Kim S.;Managing IoT devices using blockchain platform;2017;International Conference on Advanced Communication Technology, ICACT;NA
Okada H., Yamasaki S., Bracamonte V.;Proposed classification of blockchains based on authority and incentive dimensions;2017;International Conference on Advanced Communication Technology, ICACT;NA
Cen Y., Wang H., Li X.;Improving business process interoperability by shared ledgers;2017;ACM International Conference Proceeding Series;Part F128273
Samaniego M., Deters R.;Hosting virtual IoT resources on edge-hosts with blockchain;2017;Proceedings - 2016 16th IEEE International Conference on Computer and Information Technology, CIT 2016, 2016 6th International Symposium on Cloud and Service Computing, IEEE SC2 2016 and 2016 International Symposium on Security and Privacy in Social Networks and Big Data, SocialSec 2016;NA
Raju S., Rajesh V., Deogun J.S.;The case for a data bank: An institution to govern healthcare and education;2017;ACM International Conference Proceeding Series;Part F128003
Li B., Cao W., Qi B., Sun Y., Guo N., Su Y., Cui G.;Overview of application of block chain technology in ancillary service market;2017;Dianwang Jishu/Power System Technology;41
Bozic N., Pujolle G., Secci S.;A tutorial on blockchain and applications to secure network control-planes;2017;2016 3rd Smart Cloud Networks and Systems, SCNS 2016;NA
Lee B., Lee J.-H.;Blockchain-based secure firmware update for embedded devices in an Internet of Things environment;2017;Journal of Supercomputing;73
Stavrou A., Voas J.;Verified Time;2017;Computer;50
Wijaya D.A.;Extending asset management system functionality in bitcoin platform;2017;Proceeding - 2016 International Conference on Computer, Control, Informatics and its Applications: Recent Progress in Computer, Control, and Informatics for Data Science, IC3INA 2016;NA
Asharaf S., Adarsh S.;Decentralized computing using blockchain technologies and smart contracts: Emerging research and opportunities;2017;Decentralized Computing Using Blockchain Technologies and Smart Contracts: Emerging Research and Opportunities;NA
Nath I.;Data Exchange Platform to Fight Insurance Fraud on Blockchain;2017;IEEE International Conference on Data Mining Workshops, ICDMW;NA
Biswas K., Muthukkumarasamy V.;Securing smart cities using blockchain technology;2017;Proceedings - 18th IEEE International Conference on High Performance Computing and Communications, 14th IEEE International Conference on Smart City and 2nd IEEE International Conference on Data Science and Systems, HPCC/SmartCity/DSS 2016;NA
Di L., Nan Z., Jiafu W., Zhenkun Z., Vasilakos A.V.;Towards a model-integrated computing paradigm for reconfigurable motion control system;2017;IEEE International Conference on Industrial Informatics (INDIN);NA
Chang T.-H., Svetinovic D.;Data Analysis of Digital Currency Networks: Namecoin Case Study;2017;Proceedings of the IEEE International Conference on Engineering of Complex Computer Systems, ICECCS;NA
Harrigan M., Fretter C.;The Unreasonable Effectiveness of Address Clustering;2017;Proceedings - 13th IEEE International Conference on Ubiquitous Intelligence and Computing, 13th IEEE International Conference on Advanced and Trusted Computing, 16th IEEE International Conference on Scalable Computing and Communications, IEEE International Conference on Cloud and Big Data Computing, IEEE International Conference on Internet of People and IEEE Smart World Congress and Workshops, UIC-ATC-ScalCom-CBDCom-IoP-SmartWorld 2016;NA
Jamthagen C., Hell M.;Blockchain-Based Publishing Layer for the Keyless Signing Infrastructure;2017;Proceedings - 13th IEEE International Conference on Ubiquitous Intelligence and Computing, 13th IEEE International Conference on Advanced and Trusted Computing, 16th IEEE International Conference on Scalable Computing and Communications, IEEE International Conference on Cloud and Big Data Computing, IEEE International Conference on Internet of People and IEEE Smart World Congress and Workshops, UIC-ATC-ScalCom-CBDCom-IoP-SmartWorld 2016;NA
Emmadi N., Narumanchi H.;Reinforcing immutability of permissioned blockchains with Keyless Signatures' Infrastructure;2017;ACM International Conference Proceeding Series;NA
Chakravorty A., Rong C.;Ushare: User controlled social media based on blockchain;2017;Proceedings of the 11th International Conference on Ubiquitous Information Management and Communication, IMCOM 2017;NA
Kaneko I.;Lightweight security framework for media internet of things using probabilistic multilateral security model and block chain;2017;IEEJ Transactions on Electronics, Information and Systems;137
Verma D., Desai N., Preece A., Taylor I.;A block chain based architecture for asset management in coalition operations;2017;Proceedings of SPIE - The International Society for Optical Engineering;10190
Shetty S., Red V., Kamhoua C., Kwiat K., Njilla L.;Data provenance assurance in the cloud using blockchain;2017;Proceedings of SPIE - The International Society for Optical Engineering;10206
Qin B., Huang J., Wang Q., Luo X., Liang B., Shi W.;Cecoin: A decentralized PKI mitigating MitM attacks;2017;Future Generation Computer Systems;NA
Ølnes S., Jansen A.;Blockchain technology as s support infrastructure in e-Government;2017;Lecture Notes in Computer Science (including subseries Lecture Notes in Artificial Intelligence and Lecture Notes in Bioinformatics);10428 LNCS
Magazzeni D., Mcburney P., Nash W.;Validation and verification of smart contracts: A research agenda;2017;Computer;50
Fröwis M., Böhme R.;In code we trust?: Measuring the control flow immutability of all smart contracts deployed on ethereum;2017;Lecture Notes in Computer Science (including subseries Lecture Notes in Artificial Intelligence and Lecture Notes in Bioinformatics);10436 LNCS
Prybila C., Schulte S., Hochreiner C., Weber I.;Runtime verification for business processes utilizing the Bitcoin blockchain;2017;Future Generation Computer Systems;NA
Otte P., de Vos M., Pouwelse J.;TrustChain: A Sybil-resistant scalable blockchain;2017;Future Generation Computer Systems;NA
Koteska B., Karafiloski E., Mishev A.;Blockchain implementation quality challenges: A literature review;2017;CEUR Workshop Proceedings;1938
Seebacher S., Schüritz R.;Blockchain technology as an enabler of service systems: A structured literature review;2017;Lecture Notes in Business Information Processing;279
Pierro M.D.;What Is the Blockchain?;2017;Computing in Science and Engineering;19
Bracamonte V., Okada H.;An exploratory study on the influence of guidelines on crowdfunding projects in the ethereum blockchain platform;2017;Lecture Notes in Computer Science (including subseries Lecture Notes in Artificial Intelligence and Lecture Notes in Bioinformatics);10540 LNCS
McCorry P., Heilman E., Miller A.;Atomically trading with roger: Gambling on the success of a hardfork;2017;Lecture Notes in Computer Science (including subseries Lecture Notes in Artificial Intelligence and Lecture Notes in Bioinformatics);10436 LNCS
Augot D., Chabanne H., Chenevier T., George W., Lambert L.;A user-centric system for verified identities on the bitcoin blockchain;2017;Lecture Notes in Computer Science (including subseries Lecture Notes in Artificial Intelligence and Lecture Notes in Bioinformatics);10436 LNCS
Salahuddin M.A., Al-Fuqaha A., Guizani M., Shuaib K., Sallabi F.;Softwarization of internet of things infrastructure for secure and smart healthcare;2017;Computer;50
Morley-Fletcher E.;MHMD: My health, my data;2017;CEUR Workshop Proceedings;1810
Azouvi S., Al-Bassam M., Meiklejohn S.;Who am i? Secure identity registration on distributed ledgers;2017;Lecture Notes in Computer Science (including subseries Lecture Notes in Artificial Intelligence and Lecture Notes in Bioinformatics);10436 LNCS
Wijaya D.A., Liu J.K., Suwarsono D.A., Zhang P.;A new blockchain-based value-added tax system;2017;Lecture Notes in Computer Science (including subseries Lecture Notes in Artificial Intelligence and Lecture Notes in Bioinformatics);10592 LNCS
Wang Q., Qin B., Hu J., Xiao F.;Preserving transaction privacy in bitcoin;2017;Future Generation Computer Systems;NA
Axon L., Goldsmith M.;PB-PKI: A privacy-aware blockchain-based PKI;2017;ICETE 2017 - Proceedings of the 14th International Joint Conference on e-Business and Telecommunications;4
Laskowski M.;A Blockchain-enabled participatory decision support framework;2017;Lecture Notes in Computer Science (including subseries Lecture Notes in Artificial Intelligence and Lecture Notes in Bioinformatics);10354 LNCS
Gao Y., Nobuhara H.;A decentralized trusted timestamping based on blockchains;2017;IEEJ Journal of Industry Applications;6
Kwon Y., Kim D., Son Y., Choi J., Kim Y.;Doppelganger in bitcoin mining pools: An analysis of the duplication share attack;2017;Lecture Notes in Computer Science (including subseries Lecture Notes in Artificial Intelligence and Lecture Notes in Bioinformatics);10144 LNCS
Xu Q., Jin C., Rasid M.F.B.M., Veeravalli B., Aung K.M.M.;Decentralized content trust for docker images;2017;IoTBDS 2017 - Proceedings of the 2nd International Conference on Internet of Things, Big Data and Security;NA
Tackmann B.;Secure event tickets on a blockchain;2017;Lecture Notes in Computer Science (including subseries Lecture Notes in Artificial Intelligence and Lecture Notes in Bioinformatics);10436 LNCS
Mariani S., Omicini A., Ciatto G.;Novel opportunities for tuple-based coordination: Xpath, the blockchain, and stream processing;2017;CEUR Workshop Proceedings;1867
Sharma P.K., Moon S.Y., Park J.H.;Block-VN: A distributed blockchain based vehicular network architecture in smart city;2017;Journal of Information Processing Systems;13
Delgado-Segura S., Pérez-Solà C., Navarro-Arribas G., Herrera-Joancomartí J.;A fair protocol for data trading based on Bitcoin transactions;2017;Future Generation Computer Systems;NA
Kiayias A., Russell A., David B., Oliynykov R.;Ouroboros: A provably secure proof-of-stake blockchain protocol;2017;Lecture Notes in Computer Science (including subseries Lecture Notes in Artificial Intelligence and Lecture Notes in Bioinformatics);10401 LNCS
Sikorski J.J., Haughton J., Kraft M.;Blockchain technology in the chemical industry: Machine-to-machine electricity market;2017;Applied Energy;195
Zavolokina L., Dolata M., Schwabe G.;FinTech transformation: How IT-enabled innovations shape the financial sector;2017;Lecture Notes in Business Information Processing;276
Gramoli V.;From blockchain consensus back to Byzantine consensus;2017;Future Generation Computer Systems;NA
Eberhardt J., Tai S.;On or off the blockchain? Insights on off-chaining computation and data;2017;Lecture Notes in Computer Science (including subseries Lecture Notes in Artificial Intelligence and Lecture Notes in Bioinformatics);10465 LNCS
Kshetri N., Voas J.;Do Crypto-Currencies Fuel Ransomware?;2017;IT Professional;19
Xu Y., Li Q., Min X., Cui L., Xiao Z., Kong L.;E-commerce blockchain consensus mechanism for supporting high-throughput and real-time transaction;2017;Lecture Notes of the Institute for Computer Sciences, Social-Informatics and Telecommunications Engineering, LNICST;201
Aste T., Tasca P., Di Matteo T.;Blockchain Technologies: The Foreseeable Impact on Society and Industry;2017;Computer;50
Gürcan Ö., Del Pozzo A., Tucci-Piergiovanni S.;On the bitcoin limitations to deliver fairness to users;2017;Lecture Notes in Computer Science (including subseries Lecture Notes in Artificial Intelligence and Lecture Notes in Bioinformatics);10573 LNCS
Dubovitskaya A., Xu Z., Ryu S., Schumacher M., Wang F.;How blockchain could empower ehealth: An application for radiation oncology: (Extended abstract);2017;Lecture Notes in Computer Science (including subseries Lecture Notes in Artificial Intelligence and Lecture Notes in Bioinformatics);10494 LNCS
Čapek J.;Data protection as a part of cyber security;2017;IDIMT 2017: Digitalization in Management, Society and Economy - 25th Interdisciplinary Information Management Talks;NA
Pochyla M.;Smart contracts and internet of things future;2017;SMSIS 2017 - Proceedings of the 12th International Conference on Strategic Management and its Support by Information Systems 2017;NA
Eyal I.;Blockchain Technology: Transforming Libertarian Cryptocurrency Dreams to Finance and Banking Realities;2017;Computer;50
Wu S.M., Guo D.;Research into information security strategy practices for commercial banks in Taiwan;2017;Advances in Intelligent Systems and Computing;541
Rodrigues B., Bocek T., Stiller B.;Multi-domain DDoS mitigation based on blockchains;2017;Lecture Notes in Computer Science (including subseries Lecture Notes in Artificial Intelligence and Lecture Notes in Bioinformatics);10356 LNCS
Li Y., Zheng K., Yan Y., Liu Q., Zhou X.;EtherQL: A query layer for blockchain system;2017;Lecture Notes in Computer Science (including subseries Lecture Notes in Artificial Intelligence and Lecture Notes in Bioinformatics);10178 LNCS
Burkaltseva D.D., Voronin I.N., Lisitsky A.M., Mazur N.M., Guk O.A.;Assessing the effects of investments into innovative activity as a regional competitiveness factor;2017;International Journal of Applied Business and Economic Research;15
Xia B., Ji D., Yao G.;Enhanced TLS handshake authentication with blockchain and smart contract;2017;Lecture Notes in Computer Science (including subseries Lecture Notes in Artificial Intelligence and Lecture Notes in Bioinformatics);10418 LNCS
Li W., Andreina S., Bohli J.-M., Karame G.;Securing proof-of-stake blockchain protocols;2017;Lecture Notes in Computer Science (including subseries Lecture Notes in Artificial Intelligence and Lecture Notes in Bioinformatics);10436 LNCS
Di Francesco Maesa D., Mori P., Ricci L.;Blockchain based access control;2017;Lecture Notes in Computer Science (including subseries Lecture Notes in Artificial Intelligence and Lecture Notes in Bioinformatics);10320 LNCS
Kshetri N.;Can Blockchain Strengthen the Internet of Things?;2017;IT Professional;19
Wang H., He D., Ji Y.;Designated-verifier proof of assets for bitcoin exchange using elliptic curve cryptography;2017;Future Generation Computer Systems;NA
Awan M.K., Cortesi A.;Blockchain transaction analysis using dominant sets;2017;Lecture Notes in Computer Science (including subseries Lecture Notes in Artificial Intelligence and Lecture Notes in Bioinformatics);10244 LNCS
Hasnain S.S., Kalra A., Bodorik P., Jutla D.;Data sharing with ethereum blockchain in untrusted enviornment;2017;30th International Conference on Computer Applications in Industry and Engineering, CAINE 2017;NA
Kreku J., Vallivaara V., Halunen K., Suomalainen J.;Evaluating the efficiency of blockchains in IoT with simulations;2017;IoTBDS 2017 - Proceedings of the 2nd International Conference on Internet of Things, Big Data and Security;NA
Giancaspro M.;Is a 'smart contract' really a smart idea? Insights from a legal perspective;2017;Computer Law and Security Review;NA
Kumar A., Fischer C., Tople S., Saxena P.;A traceability analysis of Monero’s blockchain;2017;Lecture Notes in Computer Science (including subseries Lecture Notes in Artificial Intelligence and Lecture Notes in Bioinformatics);10493 LNCS
Ouaddah A., Elkalam A.A., Ouahman A.A.;Towards a novel privacy-preserving access control model based on blockchain technology in IoT;2017;Advances in Intelligent Systems and Computing;520
Piatkivskyi D., Axelsson S., Nowostawski M.;Digital forensic implications of collusion attacks on the lightning network;2017;IFIP Advances in Information and Communication Technology;511
Fremantle P., Aziz B., Kirkham T.;Enhancing IoT security and privacy with distributed ledgers -A position paper;2017;IoTBDS 2017 - Proceedings of the 2nd International Conference on Internet of Things, Big Data and Security;NA
Sutton A., Samavi R.;Blockchain enabled privacy audit logs;2017;Lecture Notes in Computer Science (including subseries Lecture Notes in Artificial Intelligence and Lecture Notes in Bioinformatics);10587 LNCS
Chen L., Xu L., Shah N., Gao Z., Lu Y., Shi W.;On security analysis of proof-of-elapsed-time (PoET);2017;Lecture Notes in Computer Science (including subseries Lecture Notes in Artificial Intelligence and Lecture Notes in Bioinformatics);10616 LNCS
Treleaven P., Brown R.G., Yang D.;Blockchain Technology in Finance;2017;Computer;50
Khan C., Lewis A., Rutland E., Wan C., Rutter K., Thompson C.;A Distributed-Ledger Consortium Model for Collaborative Innovation;2017;Computer;50
Meshkov D., Chepurnoy A., Jansen M.;Short paper: Revisiting difficulty control for blockchain systems;2017;Lecture Notes in Computer Science (including subseries Lecture Notes in Artificial Intelligence and Lecture Notes in Bioinformatics);10436 LNCS
Red V.A.;Practical comparison of distributed ledger technologies for IoT;2017;Proceedings of SPIE - The International Society for Optical Engineering;10206
Teutsch J., Jain S., Saxena P.;When cryptocurrencies mine their own business;2017;Lecture Notes in Computer Science (including subseries Lecture Notes in Artificial Intelligence and Lecture Notes in Bioinformatics);9603 LNCS
Kshetri N.;Blockchain's roles in strengthening cybersecurity and protecting privacy;2017;Telecommunications Policy;NA
Buccafurri F., Lax G., Nicolazzo S., Nocera A.;Tweetchain: An alternative to blockchain for crowd-based applications;2017;Lecture Notes in Computer Science (including subseries Lecture Notes in Artificial Intelligence and Lecture Notes in Bioinformatics);10360 LNCS
Xu Y., Zhao S., Kong L., Zheng Y., Zhang S., Li Q.;ECBC: A high performance educational certificate blockchain with efficient query;2017;Lecture Notes in Computer Science (including subseries Lecture Notes in Artificial Intelligence and Lecture Notes in Bioinformatics);10580 LNCS
Anceaume E., Ludinard R., Potop-Butucaru M., Tronel F.;Bitcoin a distributed shared register;2017;Lecture Notes in Computer Science (including subseries Lecture Notes in Artificial Intelligence and Lecture Notes in Bioinformatics);10616 LNCS
Tai S., Eberhardt J., Klems M.;Not ACID, not BASE, but SALT: A transaction processing perspective on blockchains;2017;CLOSER 2017 - Proceedings of the 7th International Conference on Cloud Computing and Services Science;NA
Jiang P., Guo F., Liang K., Lai J., Wen Q.;Searchain: Blockchain-based private keyword search in decentralized storage;2017;Future Generation Computer Systems;NA
Ibáñez L.-D., Fryer H., Simperl E.;Attaching semantic metadata to cryptocurrency transactions;2017;CEUR Workshop Proceedings;1934
De Kruijff J., Weigand H.;Understanding the blockchain using enterprise ontology;2017;Lecture Notes in Computer Science (including subseries Lecture Notes in Artificial Intelligence and Lecture Notes in Bioinformatics);10253 LNCS
de Kruijff J., Weigand H.;Ontologies for commitment-based smart contracts;2017;Lecture Notes in Computer Science (including subseries Lecture Notes in Artificial Intelligence and Lecture Notes in Bioinformatics);10574 LNCS
Konashevych O.;The concept of the blockchain-based governing: Current issues and general vision;2017;Proceedings of the European Conference on e-Government, ECEG;Part F129463
Tran A.B., Xu X., Weber I., Staples M., Rimba P.;Regerator: A registry generator for blockchain;2017;CEUR Workshop Proceedings;1848
Rodrigues B., Bocek T., Lareida A., Hausheer D., Rafati S., Stiller B.;A blockchain-based architecture for collaborative DDoS mitigation with smart contracts;2017;Lecture Notes in Computer Science (including subseries Lecture Notes in Artificial Intelligence and Lecture Notes in Bioinformatics);10356 LNCS
Taylor M.B.;The evolution of bitcoin hardware;2017;Computer;50
Kabashkin I.;Risk modelling of blockchain ecosystem;2017;Lecture Notes in Computer Science (including subseries Lecture Notes in Artificial Intelligence and Lecture Notes in Bioinformatics);10394 LNCS
Turk Ž., Klinc R.;Potentials of Blockchain Technology for Construction Management;2017;Procedia Engineering;196
Solat S., Potop-Butucaru M.;Brief announcement: ZeroBlock: Timestamp-free prevention of block-withholding attack in bitcoin;2017;Lecture Notes in Computer Science (including subseries Lecture Notes in Artificial Intelligence and Lecture Notes in Bioinformatics);10616 LNCS
Lee B., Malik S., Wi S., Lee J.-H.;Firmware verification of embedded devices based on a blockchain;2017;Lecture Notes of the Institute for Computer Sciences, Social-Informatics and Telecommunications Engineering, LNICST;199
Knecht M., Stiller B.;SmartDEMAP: A smart contract deployment and management platform;2017;Lecture Notes in Computer Science (including subseries Lecture Notes in Artificial Intelligence and Lecture Notes in Bioinformatics);10356 LNCS
Kalra A., Hasnain S.S., Bodorik P., Jutla D.;Access control mechanism using ethereum blockchain;2017;26th International Conference on Software Engineering and Data Engineering, SEDE 2017;NA
Gu D., Tan S., Xu C., O'Connor A.J., Qiao G.G.;Engineering tough, highly compressible, biodegradable hydrogels by tuning the network architecture;2017;Chemical Communications;53
Duisebekova K., Kozhamzharova D., Ukubasova G., Kebekpayeva Z., Aigul S., Rakhmetulayeva S., Diana R., Shaikhanova A., Serbin V.;Design and development of automation system of business processes in educational activity;2017;Journal of Engineering and Applied Sciences;12
Wawrzyniak G., El Fray I.;The implementation of electronic document in transaction execution;2017;Lecture Notes in Computer Science (including subseries Lecture Notes in Artificial Intelligence and Lecture Notes in Bioinformatics);10244 LNCS
Charlier J., Lagraa S., State R., François J.;Profiling smart contracts interactions tensor decomposition and graph mining;2017;CEUR Workshop Proceedings;1941
Miao H., Wang Y.-F., Dong H.-Y., Chen D.-Y.;Complexation induced by weak interaction between DNA and PEO-b-P4VP below the CMC of the polymer;2017;Chinese Journal of Polymer Science (English Edition);35
